,timestamp,job_id,task_id
0,640263943,515042969,9
1,640263955,515042969,26
2,641113451,515042969,22
3,641113463,515042969,15
4,641114224,515042969,3
5,641927978,6251669667,0
6,641936857,515042969,21
7,643537508,515042969,23
8,643538235,515042969,5
9,644418902,515042969,13
10,645132587,515042969,10
11,646636944,515042969,0
12,647469211,6218406404,432
13,647469219,6218406404,424
14,647469228,6218406404,240
15,647469236,6218406404,1065
16,647469244,6218406404,69
17,647469252,6218406404,414
18,648246740,515042969,1
19,648247257,5285926325,0
20,649030289,515042969,6
21,649030301,515042969,22
